timestamp_ms,iso_time,latitude,longitude,altitude_m,heading_deg,phase
1780698383938,2026-06-05T15:26:23.938,34.04839859,-117.83749626,1.00,24.6,lane 1/22
1780698384188,2026-06-05T15:26:24.188,34.04839924,-117.83749569,1.10,28.8,lane 1/22
1780698384438,2026-06-05T15:26:24.438,34.04839953,-117.83749436,1.20,36.7,lane 1/22
1780698384688,2026-06-05T15:26:24.688,34.04839952,-117.83748924,1.60,49.2,lane 1/22
1780698384938,2026-06-05T15:26:24.938,34.04839887,-117.83748451,2.00,57.5,lane 1/22
1780698385188,2026-06-05T15:26:25.188,34.04839718,-117.83747508,2.70,70.0,lane 1/22
1780698385439,2026-06-05T15:26:25.439,34.04839618,-117.83746727,3.10,79.4,lane 1/22
1780698385689,2026-06-05T15:26:25.689,34.04839361,-117.83745425,3.70,93.7,lane 1/22
1780698385988,2026-06-05T15:26:25.988,34.04838964,-117.83743941,4.20,108.6,lane 1/22
1780698386239,2026-06-05T15:26:26.239,34.04838662,-117.83742945,4.60,116.2,lane 1/22
1780698386538,2026-06-05T15:26:26.538,34.04838074,-117.83741320,5.20,121.9,lane 1/22
1780698386789,2026-06-05T15:26:26.789,34.04837372,-117.83739672,5.80,122.2,lane 1/22
1780698387038,2026-06-05T15:26:27.038,34.04836881,-117.83738549,6.20,122.3,lane 1/22
1780698387288,2026-06-05T15:26:27.288,34.04836068,-117.83736802,6.80,123.1,lane 1/22
1780698387538,2026-06-05T15:26:27.538,34.04835540,-117.83735697,7.00,124.9,lane 1/22
1780698387788,2026-06-05T15:26:27.788,34.04834728,-117.83734137,7.40,124.9,lane 1/22
1780698388038,2026-06-05T15:26:28.038,34.04834148,-117.83733090,7.60,126.0,lane 1/22
1780698388288,2026-06-05T15:26:28.288,34.04833261,-117.83731558,7.80,131.7,lane 1/22
1780698388538,2026-06-05T15:26:28.538,34.04832752,-117.83730602,8.00,130.9,lane 1/22
1780698388788,2026-06-05T15:26:28.788,34.04832111,-117.83729332,8.10,131.5,lane 1/22
1780698389038,2026-06-05T15:26:29.038,34.04831756,-117.83728526,8.20,130.8,lane 1/22
1780698389288,2026-06-05T15:26:29.288,34.04831278,-117.83727501,8.30,133.9,lane 1/22
1780698389539,2026-06-05T15:26:29.539,34.04831014,-117.83726944,8.30,135.4,lane 2/22
1780698389838,2026-06-05T15:26:29.838,34.04830613,-117.83726233,8.30,137.1,lane 2/22
1780698390089,2026-06-05T15:26:30.089,34.04830078,-117.83725591,8.30,145.2,lane 2/22
1780698390340,2026-06-05T15:26:30.340,34.04829670,-117.83725220,8.40,152.4,lane 2/22
1780698390638,2026-06-05T15:26:30.638,34.04828906,-117.83724728,8.40,166.4,lane 2/22
1780698390889,2026-06-05T15:26:30.889,34.04828048,-117.83724353,8.50,176.2,lane 2/22
1780698391188,2026-06-05T15:26:31.188,34.04827064,-117.83724004,8.50,-179.2,lane 2/22
1780698391438,2026-06-05T15:26:31.438,34.04826398,-117.83723822,8.50,-178.8,lane 2/22
1780698391689,2026-06-05T15:26:31.689,34.04825281,-117.83723523,8.50,-178.9,lane 2/22
1780698391989,2026-06-05T15:26:31.989,34.04824081,-117.83723298,8.50,-179.0,lane 2/22
1780698392289,2026-06-05T15:26:32.289,34.04822812,-117.83723084,8.60,-179.2,lane 2/22
1780698392589,2026-06-05T15:26:32.589,34.04821470,-117.83722959,8.60,-179.1,lane 2/22
1780698392888,2026-06-05T15:26:32.888,34.04820047,-117.83722875,8.60,-178.5,lane 2/22
1780698393138,2026-06-05T15:26:33.138,34.04819056,-117.83722844,8.60,-178.4,lane 2/22
1780698393389,2026-06-05T15:26:33.389,34.04817554,-117.83722809,8.60,-178.3,lane 2/22
1780698393638,2026-06-05T15:26:33.638,34.04816546,-117.83722802,8.60,-178.3,lane 2/22
1780698393888,2026-06-05T15:26:33.888,34.04814991,-117.83722796,8.60,-178.4,lane 2/22
1780698394138,2026-06-05T15:26:34.138,34.04813986,-117.83722786,8.60,-178.4,lane 2/22
1780698394388,2026-06-05T15:26:34.388,34.04812548,-117.83722804,8.60,-178.6,lane 2/22
1780698394639,2026-06-05T15:26:34.639,34.04811547,-117.83722816,8.60,-178.6,lane 2/22
1780698394889,2026-06-05T15:26:34.889,34.04810069,-117.83722851,8.60,-178.6,lane 2/22
1780698395188,2026-06-05T15:26:35.188,34.04808583,-117.83722884,8.60,-178.6,lane 2/22
1780698395439,2026-06-05T15:26:35.439,34.04807610,-117.83722939,8.60,-177.0,lane 2/22
1780698395740,2026-06-05T15:26:35.740,34.04806105,-117.83723015,8.60,-177.0,lane 2/22
1780698396039,2026-06-05T15:26:36.039,34.04804597,-117.83723089,8.60,-176.9,lane 2/22
1780698396338,2026-06-05T15:26:36.338,34.04803033,-117.83723186,8.60,-176.9,lane 2/22
1780698396588,2026-06-05T15:26:36.588,34.04801474,-117.83723295,8.60,-177.0,lane 2/22
1780698396839,2026-06-05T15:26:36.839,34.04800432,-117.83723369,8.60,-175.7,lane 2/22
1780698397089,2026-06-05T15:26:37.089,34.04798929,-117.83723495,8.60,-174.4,lane 2/22
1780698397388,2026-06-05T15:26:37.388,34.04797379,-117.83723659,8.60,-174.4,lane 2/22
1780698397639,2026-06-05T15:26:37.639,34.04796336,-117.83723782,8.60,-174.3,lane 2/22
1780698397939,2026-06-05T15:26:37.939,34.04794774,-117.83723956,8.60,-174.4,lane 2/22
1780698398189,2026-06-05T15:26:38.189,34.04793219,-117.83724193,8.60,-170.1,lane 2/22
1780698398439,2026-06-05T15:26:38.439,34.04792286,-117.83724344,8.70,-170.2,lane 2/22
1780698398689,2026-06-05T15:26:38.689,34.04791058,-117.83724536,8.70,-169.3,lane 2/22
1780698398988,2026-06-05T15:26:38.988,34.04790059,-117.83724667,8.70,-170.4,lane 2/22
1780698399239,2026-06-05T15:26:39.239,34.04789603,-117.83724743,8.70,-170.5,lane 2/22
1780698399539,2026-06-05T15:26:39.539,34.04789084,-117.83724881,8.60,-169.8,lane 3/22
1780698399838,2026-06-05T15:26:39.838,34.04788757,-117.83724958,8.50,-167.8,lane 3/22
1780698400088,2026-06-05T15:26:40.088,34.04788510,-117.83725269,8.50,-162.5,lane 3/22
1780698400338,2026-06-05T15:26:40.338,34.04788359,-117.83725547,8.50,-157.2,lane 3/22
1780698400589,2026-06-05T15:26:40.589,34.04788113,-117.83726132,8.50,-145.6,lane 3/22
1780698400888,2026-06-05T15:26:40.888,34.04787896,-117.83726752,8.50,-139.3,lane 3/22
1780698401138,2026-06-05T15:26:41.138,34.04787758,-117.83727188,8.50,-137.3,lane 3/22
1780698401389,2026-06-05T15:26:41.389,34.04787553,-117.83727787,8.50,-134.7,lane 3/22
1780698401639,2026-06-05T15:26:41.639,34.04787450,-117.83728103,8.50,-131.5,lane 3/22
1780698401889,2026-06-05T15:26:41.889,34.04787295,-117.83728493,8.50,-129.1,lane 3/22
1780698402188,2026-06-05T15:26:42.188,34.04787165,-117.83728865,8.40,-126.8,lane 3/22
1780698402439,2026-06-05T15:26:42.439,34.04787084,-117.83729115,8.40,-125.7,lane 4/22
1780698402739,2026-06-05T15:26:42.739,34.04787008,-117.83729351,8.50,-121.7,lane 4/22
1780698402989,2026-06-05T15:26:42.989,34.04787143,-117.83729474,8.50,-116.1,lane 4/22
1780698403288,2026-06-05T15:26:43.288,34.04787583,-117.83729545,8.50,-108.1,lane 4/22
1780698403538,2026-06-05T15:26:43.538,34.04788003,-117.83729535,8.50,-100.6,lane 4/22
1780698403788,2026-06-05T15:26:43.788,34.04788904,-117.83729533,8.50,-88.0,lane 4/22
1780698404039,2026-06-05T15:26:44.039,34.04789680,-117.83729554,8.50,-79.5,lane 4/22
1780698404338,2026-06-05T15:26:44.338,34.04790981,-117.83729595,8.50,-66.2,lane 4/22
1780698404588,2026-06-05T15:26:44.588,34.04792527,-117.83729642,8.50,-51.9,lane 4/22
1780698404838,2026-06-05T15:26:44.838,34.04793544,-117.83729701,8.50,-42.9,lane 4/22
1780698405088,2026-06-05T15:26:45.088,34.04795220,-117.83729798,8.50,-29.3,lane 4/22
1780698405338,2026-06-05T15:26:45.338,34.04796335,-117.83729863,8.50,-20.4,lane 4/22
1780698405588,2026-06-05T15:26:45.588,34.04797923,-117.83729965,8.50,-9.1,lane 4/22
1780698405838,2026-06-05T15:26:45.838,34.04799073,-117.83730041,8.50,-5.4,lane 4/22
1780698406088,2026-06-05T15:26:46.088,34.04800665,-117.83730129,8.50,-3.8,lane 4/22
1780698406339,2026-06-05T15:26:46.339,34.04801833,-117.83730218,8.50,-3.8,lane 4/22
1780698406638,2026-06-05T15:26:46.638,34.04803383,-117.83730337,8.50,-3.8,lane 4/22
1780698406888,2026-06-05T15:26:46.888,34.04804968,-117.83730478,8.50,-3.9,lane 4/22
1780698407138,2026-06-05T15:26:47.138,34.04805502,-117.83730530,8.50,-3.9,lane 4/22
1780698407388,2026-06-05T15:26:47.388,34.04807599,-117.83730737,8.50,-4.0,lane 4/22
1780698407638,2026-06-05T15:26:47.638,34.04808685,-117.83730842,8.60,-4.0,lane 4/22
1780698407888,2026-06-05T15:26:47.888,34.04810184,-117.83730997,8.60,-4.0,lane 4/22
1780698408138,2026-06-05T15:26:48.138,34.04811228,-117.83731093,8.60,-4.0,lane 4/22
1780698408388,2026-06-05T15:26:48.388,34.04812776,-117.83731247,8.50,-3.9,lane 4/22
1780698408638,2026-06-05T15:26:48.638,34.04813829,-117.83731362,8.50,-4.0,lane 4/22
1780698408889,2026-06-05T15:26:48.889,34.04815370,-117.83731475,8.50,-3.9,lane 4/22
1780698409190,2026-06-05T15:26:49.190,34.04816948,-117.83731581,8.50,-3.9,lane 4/22
1780698409440,2026-06-05T15:26:49.440,34.04818019,-117.83731656,8.60,-2.2,lane 4/22
1780698409739,2026-06-05T15:26:49.739,34.04819551,-117.83731729,8.60,-1.9,lane 4/22
1780698409989,2026-06-05T15:26:49.989,34.04821134,-117.83731771,8.50,-2.2,lane 4/22
1780698410239,2026-06-05T15:26:50.239,34.04822177,-117.83731792,8.50,-1.5,lane 4/22
1780698410539,2026-06-05T15:26:50.539,34.04823752,-117.83731819,8.50,-0.7,lane 4/22
1780698410790,2026-06-05T15:26:50.790,34.04825250,-117.83731812,8.50,0.1,lane 4/22
1780698411089,2026-06-05T15:26:51.089,34.04826691,-117.83731756,8.50,0.0,lane 4/22
1780698411388,2026-06-05T15:26:51.388,34.04827908,-117.83731660,8.50,0.0,lane 4/22
1780698411645,2026-06-05T15:26:51.645,34.04828713,-117.83731584,8.50,0.1,lane 5/22
1780698411938,2026-06-05T15:26:51.938,34.04829782,-117.83731446,8.50,-1.3,lane 5/22
1780698412188,2026-06-05T15:26:52.188,34.04830596,-117.83731481,8.50,-6.1,lane 5/22
1780698412439,2026-06-05T15:26:52.439,34.04831038,-117.83731586,8.50,-10.6,lane 5/22
1780698412689,2026-06-05T15:26:52.689,34.04831532,-117.83731794,8.50,-19.9,lane 5/22
1780698412988,2026-06-05T15:26:52.988,34.04831781,-117.83732133,8.50,-30.5,lane 5/22
1780698413238,2026-06-05T15:26:53.238,34.04831860,-117.83732402,8.50,-37.6,lane 5/22
1780698413488,2026-06-05T15:26:53.488,34.04831831,-117.83732782,8.60,-46.4,lane 5/22
1780698413738,2026-06-05T15:26:53.738,34.04831802,-117.83733063,8.60,-48.9,lane 5/22
1780698413988,2026-06-05T15:26:53.988,34.04831744,-117.83733463,8.60,-51.9,lane 6/22
1780698414238,2026-06-05T15:26:54.238,34.04831691,-117.83733661,8.50,-55.7,lane 6/22
1780698414488,2026-06-05T15:26:54.488,34.04831479,-117.83733868,8.50,-61.4,lane 6/22
1780698414738,2026-06-05T15:26:54.738,34.04831234,-117.83733928,8.50,-66.0,lane 6/22
1780698414988,2026-06-05T15:26:54.988,34.04830686,-117.83733977,8.50,-77.2,lane 6/22
1780698415239,2026-06-05T15:26:55.239,34.04830231,-117.83733975,8.50,-86.2,lane 6/22
1780698415539,2026-06-05T15:26:55.539,34.04829393,-117.83733830,8.50,-97.7,lane 6/22
1780698415838,2026-06-05T15:26:55.838,34.04828344,-117.83733641,8.50,-109.2,lane 6/22
1780698416088,2026-06-05T15:26:56.088,34.04827185,-117.83733406,8.50,-121.2,lane 6/22
1780698416338,2026-06-05T15:26:56.338,34.04826307,-117.83733277,8.50,-130.3,lane 6/22
1780698416588,2026-06-05T15:26:56.588,34.04824873,-117.83733121,8.50,-144.2,lane 6/22
1780698416839,2026-06-05T15:26:56.839,34.04823882,-117.83733029,8.50,-153.8,lane 6/22
1780698417138,2026-06-05T15:26:57.138,34.04822318,-117.83732932,8.50,-165.8,lane 6/22
1780698417388,2026-06-05T15:26:57.388,34.04820831,-117.83732898,8.50,-171.0,lane 6/22
1780698417639,2026-06-05T15:26:57.639,34.04819756,-117.83732882,8.50,-171.3,lane 6/22
1780698417938,2026-06-05T15:26:57.938,34.04818204,-117.83732897,8.50,-171.3,lane 6/22
1780698418189,2026-06-05T15:26:58.189,34.04816675,-117.83732927,8.50,-171.3,lane 6/22
1780698418488,2026-06-05T15:26:58.488,34.04815150,-117.83733001,8.50,-171.3,lane 6/22
1780698418739,2026-06-05T15:26:58.739,34.04814163,-117.83733024,8.50,-171.4,lane 6/22
1780698418989,2026-06-05T15:26:58.989,34.04812656,-117.83733069,8.50,-171.4,lane 6/22
1780698419239,2026-06-05T15:26:59.239,34.04811675,-117.83733124,8.60,-171.4,lane 6/22
1780698419489,2026-06-05T15:26:59.489,34.04810205,-117.83733226,8.60,-171.5,lane 6/22
1780698419790,2026-06-05T15:26:59.790,34.04808692,-117.83733319,8.60,-171.4,lane 6/22
1780698420088,2026-06-05T15:27:00.088,34.04807199,-117.83733413,8.60,-171.4,lane 6/22
1780698420338,2026-06-05T15:27:00.338,34.04806196,-117.83733491,8.60,-171.3,lane 6/22
1780698420588,2026-06-05T15:27:00.588,34.04804681,-117.83733609,8.60,-171.4,lane 6/22
1780698420839,2026-06-05T15:27:00.839,34.04803669,-117.83733700,8.60,-171.4,lane 6/22
1780698421089,2026-06-05T15:27:01.089,34.04802196,-117.83733833,8.60,-171.4,lane 6/22
1780698421388,2026-06-05T15:27:01.388,34.04800697,-117.83733975,8.60,-171.5,lane 6/22
1780698421639,2026-06-05T15:27:01.639,34.04799681,-117.83734069,8.50,-171.6,lane 6/22
1780698421888,2026-06-05T15:27:01.888,34.04798175,-117.83734235,8.50,-171.5,lane 6/22
1780698422138,2026-06-05T15:27:02.138,34.04797164,-117.83734370,8.50,-171.5,lane 6/22
1780698422389,2026-06-05T15:27:02.389,34.04795603,-117.83734570,8.50,-171.5,lane 6/22
1780698422639,2026-06-05T15:27:02.639,34.04794647,-117.83734707,8.50,-171.6,lane 6/22
1780698422939,2026-06-05T15:27:02.939,34.04793163,-117.83734958,8.50,-171.3,lane 6/22
1780698423238,2026-06-05T15:27:03.238,34.04791673,-117.83735237,8.50,-169.2,lane 6/22
1780698423489,2026-06-05T15:27:03.489,34.04790727,-117.83735422,8.60,-168.1,lane 6/22
1780698423789,2026-06-05T15:27:03.789,34.04789299,-117.83735732,8.70,-168.2,lane 6/22
1780698424089,2026-06-05T15:27:04.089,34.04788533,-117.83735930,8.70,-168.1,lane 6/22
1780698424388,2026-06-05T15:27:04.388,34.04788097,-117.83736072,8.60,-167.6,lane 6/22
1780698424638,2026-06-05T15:27:04.638,34.04787842,-117.83736163,8.60,-166.7,lane 6/22
1780698424888,2026-06-05T15:27:04.888,34.04787530,-117.83736343,8.50,-165.4,lane 6/22
1780698425139,2026-06-05T15:27:05.139,34.04787383,-117.83736429,8.60,-164.8,lane 7/22
1780698425390,2026-06-05T15:27:05.390,34.04787161,-117.83736584,8.50,-161.5,lane 7/22
1780698425639,2026-06-05T15:27:05.639,34.04787044,-117.83736802,8.50,-157.7,lane 7/22
1780698425938,2026-06-05T15:27:05.938,34.04786824,-117.83737253,8.50,-148.7,lane 7/22
1780698426188,2026-06-05T15:27:06.188,34.04786573,-117.83737874,8.50,-137.9,lane 7/22
1780698426438,2026-06-05T15:27:06.438,34.04786391,-117.83738310,8.60,-134.4,lane 7/22
1780698426688,2026-06-05T15:27:06.688,34.04786207,-117.83738741,8.60,-133.2,lane 7/22
1780698426939,2026-06-05T15:27:06.939,34.04785944,-117.83739341,8.60,-130.7,lane 7/22
1780698427189,2026-06-05T15:27:07.189,34.04785713,-117.83739870,8.60,-128.1,lane 7/22
1780698427440,2026-06-05T15:27:07.440,34.04785603,-117.83740168,8.60,-127.3,lane 7/22
1780698427739,2026-06-05T15:27:07.739,34.04785438,-117.83740531,8.60,-124.9,lane 7/22
1780698428038,2026-06-05T15:27:08.038,34.04785293,-117.83740914,8.60,-123.8,lane 8/22
1780698428289,2026-06-05T15:27:08.289,34.04785394,-117.83741136,8.60,-118.6,lane 8/22
1780698428539,2026-06-05T15:27:08.539,34.04785637,-117.83741260,8.60,-114.9,lane 8/22
1780698428838,2026-06-05T15:27:08.838,34.04786241,-117.83741365,8.60,-104.8,lane 8/22
1780698429089,2026-06-05T15:27:09.089,34.04787148,-117.83741488,8.60,-91.7,lane 8/22
1780698429388,2026-06-05T15:27:09.388,34.04788336,-117.83741565,8.50,-78.5,lane 8/22
1780698429638,2026-06-05T15:27:09.638,34.04789278,-117.83741616,8.50,-69.2,lane 8/22
1780698429888,2026-06-05T15:27:09.888,34.04790832,-117.83741706,8.50,-55.0,lane 8/22
1780698430138,2026-06-05T15:27:10.138,34.04791956,-117.83741722,8.50,-45.7,lane 8/22
1780698430388,2026-06-05T15:27:10.388,34.04793547,-117.83741765,8.60,-31.9,lane 8/22
1780698430639,2026-06-05T15:27:10.639,34.04794662,-117.83741781,8.60,-22.9,lane 8/22
1780698430938,2026-06-05T15:27:10.938,34.04796335,-117.83741810,8.60,-10.1,lane 8/22
1780698431188,2026-06-05T15:27:11.188,34.04797981,-117.83741795,8.60,-3.5,lane 8/22
1780698431438,2026-06-05T15:27:11.438,34.04799086,-117.83741795,8.60,-1.9,lane 8/22
1780698431689,2026-06-05T15:27:11.689,34.04800170,-117.83741792,8.60,-1.9,lane 8/22
1780698431989,2026-06-05T15:27:11.989,34.04802338,-117.83741796,8.60,-1.8,lane 8/22
1780698432288,2026-06-05T15:27:12.288,34.04803947,-117.83741808,8.50,-1.8,lane 8/22
1780698432539,2026-06-05T15:27:12.539,34.04805003,-117.83741836,8.50,-1.9,lane 8/22
1780698432839,2026-06-05T15:27:12.839,34.04806654,-117.83741868,8.60,-1.8,lane 8/22
1780698433138,2026-06-05T15:27:13.138,34.04808163,-117.83741932,8.60,-1.8,lane 8/22
1780698433388,2026-06-05T15:27:13.388,34.04809766,-117.83741969,8.60,-1.9,lane 8/22
1780698433639,2026-06-05T15:27:13.639,34.04810822,-117.83742001,8.50,-0.5,lane 8/22
1780698433939,2026-06-05T15:27:13.939,34.04812398,-117.83742037,8.50,0.4,lane 8/22
1780698434239,2026-06-05T15:27:14.239,34.04813983,-117.83742051,8.60,0.2,lane 8/22
1780698434538,2026-06-05T15:27:14.538,34.04815529,-117.83742072,8.60,0.3,lane 8/22
1780698434789,2026-06-05T15:27:14.789,34.04817122,-117.83742049,8.60,0.4,lane 8/22
1780698435089,2026-06-05T15:27:15.089,34.04818693,-117.83742057,8.60,1.0,lane 8/22
1780698435388,2026-06-05T15:27:15.388,34.04820314,-117.83742015,8.60,2.3,lane 8/22
1780698435638,2026-06-05T15:27:15.638,34.04821319,-117.83741984,8.60,2.3,lane 8/22
1780698435888,2026-06-05T15:27:15.888,34.04822921,-117.83741917,8.50,3.4,lane 8/22
1780698436138,2026-06-05T15:27:16.138,34.04824018,-117.83741857,8.50,5.3,lane 8/22
1780698436389,2026-06-05T15:27:16.389,34.04825582,-117.83741735,8.50,5.8,lane 8/22
1780698436639,2026-06-05T15:27:16.639,34.04826575,-117.83741622,8.50,5.7,lane 8/22
1780698436889,2026-06-05T15:27:16.889,34.04828005,-117.83741423,8.50,6.7,lane 8/22
1780698437139,2026-06-05T15:27:17.139,34.04828942,-117.83741286,8.50,7.2,lane 8/22
1780698437439,2026-06-05T15:27:17.439,34.04830297,-117.83741041,8.50,8.6,lane 9/22
1780698437689,2026-06-05T15:27:17.689,34.04831540,-117.83740849,8.50,4.8,lane 9/22
1780698437988,2026-06-05T15:27:17.988,34.04832582,-117.83740806,8.50,1.1,lane 9/22
1780698438239,2026-06-05T15:27:18.239,34.04833165,-117.83740838,8.50,-1.6,lane 9/22
1780698438489,2026-06-05T15:27:18.489,34.04833829,-117.83740914,8.50,-9.9,lane 9/22
1780698438788,2026-06-05T15:27:18.788,34.04834298,-117.83741081,8.50,-20.5,lane 9/22
1780698439038,2026-06-05T15:27:19.038,34.04834477,-117.83741212,8.60,-28.9,lane 9/22
1780698439288,2026-06-05T15:27:19.288,34.04834613,-117.83741455,8.60,-41.4,lane 9/22
1780698439538,2026-06-05T15:27:19.538,34.04834601,-117.83741641,8.60,-50.0,lane 9/22
1780698439788,2026-06-05T15:27:19.788,34.04834450,-117.83742003,8.60,-60.5,lane 9/22
1780698440039,2026-06-05T15:27:20.039,34.04834329,-117.83742231,8.60,-65.4,lane 9/22
1780698440338,2026-06-05T15:27:20.338,34.04834124,-117.83742571,8.60,-68.8,lane 9/22
1780698440589,2026-06-05T15:27:20.589,34.04833964,-117.83742885,8.60,-71.7,lane 10/22
1780698440838,2026-06-05T15:27:20.838,34.04833871,-117.83743027,8.60,-75.3,lane 10/22
1780698441088,2026-06-05T15:27:21.088,34.04833640,-117.83743236,8.50,-80.9,lane 10/22
1780698441338,2026-06-05T15:27:21.338,34.04833412,-117.83743308,8.50,-85.1,lane 10/22
1780698441588,2026-06-05T15:27:21.588,34.04832908,-117.83743345,8.50,-96.3,lane 10/22
1780698441839,2026-06-05T15:27:21.839,34.04832491,-117.83743337,8.60,-103.6,lane 10/22
1780698442138,2026-06-05T15:27:22.138,34.04831739,-117.83743270,8.60,-115.8,lane 10/22
1780698442389,2026-06-05T15:27:22.389,34.04830805,-117.83743177,8.60,-128.5,lane 10/22
1780698442689,2026-06-05T15:27:22.689,34.04829739,-117.83743014,8.50,-142.6,lane 10/22
1780698442939,2026-06-05T15:27:22.939,34.04828949,-117.83742914,8.50,-152.3,lane 10/22
1780698443238,2026-06-05T15:27:23.238,34.04827661,-117.83742768,8.50,-165.7,lane 10/22
1780698443488,2026-06-05T15:27:23.488,34.04826354,-117.83742636,8.50,-171.8,lane 10/22
1780698443739,2026-06-05T15:27:23.739,34.04825432,-117.83742578,8.50,-173.1,lane 10/22
1780698443989,2026-06-05T15:27:23.989,34.04823982,-117.83742566,8.50,-172.7,lane 10/22
1780698444288,2026-06-05T15:27:24.288,34.04822510,-117.83742609,8.50,-172.4,lane 10/22
1780698444538,2026-06-05T15:27:24.538,34.04821509,-117.83742660,8.60,-172.2,lane 10/22
1780698444788,2026-06-05T15:27:24.788,34.04820019,-117.83742779,8.60,-171.9,lane 10/22
1780698445039,2026-06-05T15:27:25.039,34.04818984,-117.83742889,8.60,-171.8,lane 10/22
1780698445338,2026-06-05T15:27:25.338,34.04817409,-117.83743062,8.70,-171.9,lane 10/22
1780698445588,2026-06-05T15:27:25.588,34.04815828,-117.83743216,8.70,-172.0,lane 10/22
1780698445838,2026-06-05T15:27:25.838,34.04814751,-117.83743314,8.70,-171.9,lane 10/22
1780698446089,2026-06-05T15:27:26.089,34.04813212,-117.83743472,8.60,-172.3,lane 10/22
1780698446339,2026-06-05T15:27:26.339,34.04812097,-117.83743557,8.60,-172.0,lane 10/22
1780698446638,2026-06-05T15:27:26.638,34.04810487,-117.83743695,8.60,-172.3,lane 10/22
1780698446888,2026-06-05T15:27:26.888,34.04808890,-117.83743805,8.60,-172.2,lane 10/22
1780698447138,2026-06-05T15:27:27.138,34.04807829,-117.83743872,8.60,-172.2,lane 10/22
1780698447388,2026-06-05T15:27:27.388,34.04806235,-117.83743990,8.60,-172.3,lane 10/22
1780698447639,2026-06-05T15:27:27.639,34.04805182,-117.83744089,8.60,-172.2,lane 10/22
1780698447939,2026-06-05T15:27:27.939,34.04803617,-117.83744245,8.60,-172.1,lane 10/22
1780698448189,2026-06-05T15:27:28.189,34.04802034,-117.83744423,8.60,-172.2,lane 10/22
1780698448488,2026-06-05T15:27:28.488,34.04800464,-117.83744651,8.60,-172.2,lane 10/22
1780698448738,2026-06-05T15:27:28.738,34.04799417,-117.83744785,8.60,-172.2,lane 10/22
1780698448989,2026-06-05T15:27:28.989,34.04797910,-117.83744960,8.60,-172.5,lane 10/22
1780698449239,2026-06-05T15:27:29.239,34.04796880,-117.83745112,8.50,-171.4,lane 10/22
1780698449539,2026-06-05T15:27:29.539,34.04795347,-117.83745331,8.50,-170.3,lane 10/22
1780698449789,2026-06-05T15:27:29.789,34.04793835,-117.83745590,8.50,-170.3,lane 10/22
1780698450088,2026-06-05T15:27:30.088,34.04792301,-117.83745888,8.60,-169.4,lane 10/22
1780698450339,2026-06-05T15:27:30.339,34.04791258,-117.83746114,8.60,-167.9,lane 10/22
1780698450638,2026-06-05T15:27:30.638,34.04789744,-117.83746448,8.60,-167.4,lane 10/22
1780698450888,2026-06-05T15:27:30.888,34.04788298,-117.83746747,8.60,-166.2,lane 10/22
1780698451139,2026-06-05T15:27:31.139,34.04787568,-117.83746917,8.70,-167.5,lane 10/22
1780698451439,2026-06-05T15:27:31.439,34.04786694,-117.83747107,8.70,-167.6,lane 10/22
1780698451738,2026-06-05T15:27:31.738,34.04786112,-117.83747271,8.60,-166.4,lane 10/22
1780698451988,2026-06-05T15:27:31.988,34.04785751,-117.83747389,8.50,-164.7,lane 10/22
1780698452238,2026-06-05T15:27:32.238,34.04785573,-117.83747519,8.50,-163.1,lane 11/22
1780698452488,2026-06-05T15:27:32.488,34.04785368,-117.83747740,8.50,-161.4,lane 11/22
1780698452739,2026-06-05T15:27:32.739,34.04785248,-117.83747915,8.50,-158.2,lane 11/22
1780698453039,2026-06-05T15:27:33.039,34.04785056,-117.83748363,8.50,-150.4,lane 11/22
1780698453289,2026-06-05T15:27:33.289,34.04784827,-117.83748949,8.60,-138.9,lane 11/22
1780698453589,2026-06-05T15:27:33.589,34.04784551,-117.83749657,8.60,-133.8,lane 11/22
1780698453839,2026-06-05T15:27:33.839,34.04784359,-117.83750068,8.60,-132.8,lane 11/22
1780698454138,2026-06-05T15:27:34.138,34.04784059,-117.83750571,8.70,-129.7,lane 11/22
1780698454388,2026-06-05T15:27:34.388,34.04783832,-117.83751002,8.60,-126.9,lane 11/22
1780698454638,2026-06-05T15:27:34.638,34.04783716,-117.83751233,8.70,-124.8,lane 11/22
1780698454888,2026-06-05T15:27:34.888,34.04783549,-117.83751603,8.70,-123.1,lane 11/22
1780698455140,2026-06-05T15:27:35.140,34.04783467,-117.83751852,8.70,-122.0,lane 11/22
1780698455439,2026-06-05T15:27:35.439,34.04783340,-117.83752151,8.70,-120.3,lane 12/22
1780698455738,2026-06-05T15:27:35.738,34.04783408,-117.83752308,8.60,-114.6,lane 12/22
1780698455988,2026-06-05T15:27:35.988,34.04783742,-117.83752378,8.60,-106.3,lane 12/22
1780698456238,2026-06-05T15:27:36.238,34.04784107,-117.83752377,8.60,-99.6,lane 12/22
1780698456488,2026-06-05T15:27:36.488,34.04784870,-117.83752461,8.60,-86.2,lane 12/22
1780698456738,2026-06-05T15:27:36.738,34.04785527,-117.83752506,8.60,-76.9,lane 12/22
1780698456988,2026-06-05T15:27:36.988,34.04786654,-117.83752535,8.60,-63.5,lane 12/22
1780698457238,2026-06-05T15:27:37.238,34.04787581,-117.83752538,8.60,-55.0,lane 12/22
1780698457488,2026-06-05T15:27:37.488,34.04789081,-117.83752558,8.60,-40.4,lane 12/22
1780698457738,2026-06-05T15:27:37.738,34.04790127,-117.83752564,8.60,-31.7,lane 12/22
1780698457988,2026-06-05T15:27:37.988,34.04791745,-117.83752560,8.60,-19.4,lane 12/22
1780698458238,2026-06-05T15:27:38.238,34.04792834,-117.83752577,8.60,-10.9,lane 12/22
1780698458488,2026-06-05T15:27:38.488,34.04794499,-117.83752559,8.60,-2.7,lane 12/22
1780698458739,2026-06-05T15:27:38.739,34.04795638,-117.83752554,8.60,0.8,lane 12/22
1780698459038,2026-06-05T15:27:39.038,34.04797254,-117.83752541,8.60,3.2,lane 12/22
1780698459288,2026-06-05T15:27:39.288,34.04798926,-117.83752479,8.50,3.4,lane 12/22
1780698459538,2026-06-05T15:27:39.538,34.04800041,-117.83752462,8.50,3.3,lane 12/22
1780698459788,2026-06-05T15:27:39.788,34.04801732,-117.83752439,8.50,3.1,lane 12/22
1780698460038,2026-06-05T15:27:40.038,34.04802837,-117.83752432,8.60,3.2,lane 12/22
1780698460289,2026-06-05T15:27:40.289,34.04804495,-117.83752423,8.60,3.0,lane 12/22
1780698460539,2026-06-05T15:27:40.539,34.04805588,-117.83752408,8.60,3.0,lane 12/22
1780698460789,2026-06-05T15:27:40.789,34.04807247,-117.83752418,8.60,3.0,lane 12/22
1780698461039,2026-06-05T15:27:41.039,34.04808339,-117.83752422,8.60,3.0,lane 12/22
1780698461339,2026-06-05T15:27:41.339,34.04810025,-117.83752432,8.60,2.6,lane 12/22
1780698461639,2026-06-05T15:27:41.639,34.04811614,-117.83752446,8.60,3.2,lane 12/22
1780698461938,2026-06-05T15:27:41.938,34.04813233,-117.83752418,8.60,3.3,lane 12/22
1780698462188,2026-06-05T15:27:42.188,34.04814903,-117.83752377,8.60,3.2,lane 12/22
1780698462439,2026-06-05T15:27:42.439,34.04816017,-117.83752350,8.60,3.3,lane 12/22
1780698462738,2026-06-05T15:27:42.738,34.04817693,-117.83752274,8.60,3.1,lane 12/22
1780698462988,2026-06-05T15:27:42.988,34.04819346,-117.83752194,8.60,3.9,lane 12/22
1780698463239,2026-06-05T15:27:43.239,34.04820460,-117.83752128,8.60,5.3,lane 12/22
1780698463539,2026-06-05T15:27:43.539,34.04822128,-117.83752022,8.60,5.4,lane 12/22
1780698463789,2026-06-05T15:27:43.789,34.04823791,-117.83751874,8.60,5.3,lane 12/22
1780698464039,2026-06-05T15:27:44.039,34.04824958,-117.83751762,8.60,6.8,lane 12/22
1780698464339,2026-06-05T15:27:44.339,34.04826626,-117.83751592,8.60,7.3,lane 12/22
1780698464638,2026-06-05T15:27:44.638,34.04828273,-117.83751374,8.60,9.8,lane 12/22
1780698464888,2026-06-05T15:27:44.888,34.04829913,-117.83751101,8.60,12.5,lane 12/22
1780698465138,2026-06-05T15:27:45.138,34.04831061,-117.83750907,8.60,12.6,lane 12/22
1780698465388,2026-06-05T15:27:45.388,34.04832728,-117.83750479,8.60,16.4,lane 13/22
1780698465638,2026-06-05T15:27:45.638,34.04833793,-117.83750198,8.60,13.3,lane 13/22
1780698465888,2026-06-05T15:27:45.888,34.04835323,-117.83749908,8.60,7.9,lane 13/22
1780698466138,2026-06-05T15:27:46.138,34.04836206,-117.83749765,8.60,3.0,lane 13/22
1780698466389,2026-06-05T15:27:46.389,34.04837296,-117.83749649,8.60,-6.9,lane 13/22
1780698466639,2026-06-05T15:27:46.639,34.04837970,-117.83749571,8.60,-15.5,lane 13/22
1780698466889,2026-06-05T15:27:46.889,34.04838709,-117.83749492,8.60,-28.6,lane 13/22
1780698467139,2026-06-05T15:27:47.139,34.04839140,-117.83749492,8.60,-37.0,lane 13/22
1780698467389,2026-06-05T15:27:47.389,34.04839603,-117.83749553,8.60,-49.4,lane 13/22
1780698467639,2026-06-05T15:27:47.639,34.04839815,-117.83749599,8.60,-58.1,lane 13/22
1780698467889,2026-06-05T15:27:47.889,34.04839954,-117.83749669,8.60,-71.4,lane 13/22
1780698468188,2026-06-05T15:27:48.188,34.04839973,-117.83749802,8.60,-84.3,lane 13/22
1780698468438,2026-06-05T15:27:48.438,34.04839884,-117.83749877,8.60,-92.4,lane 13/22
1780698468689,2026-06-05T15:27:48.689,34.04839656,-117.83750011,8.60,-104.6,lane 13/22
1780698468988,2026-06-05T15:27:48.988,34.04839313,-117.83750197,8.70,-117.6,lane 13/22
1780698469238,2026-06-05T15:27:49.238,34.04839011,-117.83750341,8.70,-127.0,lane 13/22
1780698469489,2026-06-05T15:27:49.489,34.04838505,-117.83750592,8.70,-137.9,lane 13/22
1780698469789,2026-06-05T15:27:49.789,34.04837992,-117.83750896,8.70,-140.3,lane 13/22
1780698470088,2026-06-05T15:27:50.088,34.04837516,-117.83751177,8.70,-140.4,lane 13/22
1780698470338,2026-06-05T15:27:50.338,34.04837220,-117.83751368,8.70,-140.6,lane 13/22
1780698470589,2026-06-05T15:27:50.589,34.04836882,-117.83751629,8.70,-140.6,lane 13/22
1780698470889,2026-06-05T15:27:50.889,34.04836617,-117.83751918,8.60,-140.3,lane 13/22
1780698471189,2026-06-05T15:27:51.189,34.04836355,-117.83752187,8.60,-140.6,lane 13/22
1780698471439,2026-06-05T15:27:51.439,34.04836225,-117.83752343,8.60,-140.4,lane 13/22
1780698471689,2026-06-05T15:27:51.689,34.04836037,-117.83752650,8.60,-140.6,lane 14/22
1780698471939,2026-06-05T15:27:51.939,34.04835900,-117.83752809,8.60,-140.5,lane 14/22
1780698472238,2026-06-05T15:27:52.238,34.04835596,-117.83752965,8.60,-146.6,lane 14/22
1780698472489,2026-06-05T15:27:52.489,34.04835121,-117.83753061,8.60,-155.9,lane 14/22
1780698472789,2026-06-05T15:27:52.789,34.04834451,-117.83753108,8.60,-166.6,lane 14/22
1780698473089,2026-06-05T15:27:53.089,34.04833611,-117.83753025,8.60,-171.6,lane 14/22
1780698473389,2026-06-05T15:27:53.389,34.04832593,-117.83752987,8.50,-172.5,lane 14/22
1780698473639,2026-06-05T15:27:53.639,34.04831826,-117.83752943,8.50,-172.6,lane 14/22
1780698473939,2026-06-05T15:27:53.939,34.04830514,-117.83752862,8.50,-172.5,lane 14/22
1780698474238,2026-06-05T15:27:54.238,34.04829135,-117.83752864,8.60,-172.1,lane 14/22
1780698474489,2026-06-05T15:27:54.489,34.04827662,-117.83752822,8.60,-172.0,lane 14/22
1780698474788,2026-06-05T15:27:54.788,34.04826158,-117.83752829,8.60,-172.0,lane 14/22
1780698475038,2026-06-05T15:27:55.038,34.04825128,-117.83752858,8.70,-171.8,lane 14/22
1780698475288,2026-06-05T15:27:55.288,34.04823594,-117.83752911,8.70,-171.7,lane 14/22
1780698475538,2026-06-05T15:27:55.538,34.04822575,-117.83752972,8.70,-172.0,lane 14/22
1780698475788,2026-06-05T15:27:55.788,34.04821071,-117.83753052,8.60,-171.9,lane 14/22
1780698476039,2026-06-05T15:27:56.039,34.04820073,-117.83753101,8.60,-172.0,lane 14/22
1780698476338,2026-06-05T15:27:56.338,34.04818538,-117.83753213,8.60,-172.0,lane 14/22
1780698476588,2026-06-05T15:27:56.588,34.04817011,-117.83753298,8.60,-172.0,lane 14/22
1780698476839,2026-06-05T15:27:56.839,34.04816006,-117.83753382,8.60,-172.1,lane 14/22
1780698477089,2026-06-05T15:27:57.089,34.04814470,-117.83753503,8.70,-171.9,lane 14/22
1780698477388,2026-06-05T15:27:57.388,34.04812882,-117.83753625,8.70,-172.1,lane 14/22
1780698477638,2026-06-05T15:27:57.638,34.04811837,-117.83753697,8.70,-172.1,lane 14/22
1780698477888,2026-06-05T15:27:57.888,34.04810244,-117.83753829,8.60,-171.9,lane 14/22
1780698478139,2026-06-05T15:27:58.139,34.04809158,-117.83753919,8.60,-172.1,lane 14/22
1780698478438,2026-06-05T15:27:58.438,34.04807602,-117.83754062,8.60,-171.9,lane 14/22
1780698478688,2026-06-05T15:27:58.688,34.04806059,-117.83754206,8.60,-172.0,lane 14/22
1780698478938,2026-06-05T15:27:58.938,34.04805048,-117.83754296,8.60,-172.4,lane 14/22
1780698479188,2026-06-05T15:27:59.188,34.04804020,-117.83754442,8.60,-172.2,lane 14/22
1780698479439,2026-06-05T15:27:59.439,34.04802491,-117.83754641,8.60,-172.0,lane 14/22
1780698479739,2026-06-05T15:27:59.739,34.04800960,-117.83754861,8.60,-171.3,lane 14/22
1780698480038,2026-06-05T15:28:00.038,34.04799395,-117.83755105,8.60,-169.8,lane 14/22
1780698480290,2026-06-05T15:28:00.290,34.04797820,-117.83755338,8.60,-169.7,lane 14/22
1780698480588,2026-06-05T15:28:00.588,34.04796316,-117.83755603,8.60,-169.9,lane 14/22
1780698480838,2026-06-05T15:28:00.838,34.04795278,-117.83755774,8.60,-169.9,lane 14/22
1780698481089,2026-06-05T15:28:01.089,34.04793751,-117.83756053,8.60,-166.9,lane 14/22
1780698481389,2026-06-05T15:28:01.389,34.04792253,-117.83756362,8.60,-167.0,lane 14/22
1780698481688,2026-06-05T15:28:01.688,34.04790729,-117.83756700,8.60,-167.0,lane 14/22
1780698481938,2026-06-05T15:28:01.938,34.04789699,-117.83756953,8.60,-164.9,lane 14/22
1780698482189,2026-06-05T15:28:02.189,34.04788140,-117.83757312,8.60,-164.9,lane 14/22
1780698482439,2026-06-05T15:28:02.439,34.04787174,-117.83757544,8.50,-163.1,lane 14/22
1780698482689,2026-06-05T15:28:02.689,34.04785793,-117.83757895,8.70,-162.2,lane 14/22
1780698482988,2026-06-05T15:28:02.988,34.04784687,-117.83758175,8.80,-163.7,lane 14/22
1780698483238,2026-06-05T15:28:03.238,34.04784100,-117.83758337,8.80,-162.9,lane 14/22
1780698483488,2026-06-05T15:28:03.488,34.04783463,-117.83758590,8.70,-162.1,lane 14/22
1780698483738,2026-06-05T15:28:03.738,34.04783235,-117.83758700,8.60,-160.2,lane 15/22
1780698483988,2026-06-05T15:28:03.988,34.04782990,-117.83758978,8.50,-155.5,lane 15/22
1780698484239,2026-06-05T15:28:04.239,34.04782854,-117.83759393,8.50,-149.9,lane 15/22
1780698484538,2026-06-05T15:28:04.538,34.04782640,-117.83760080,8.50,-139.0,lane 15/22
1780698484788,2026-06-05T15:28:04.788,34.04782367,-117.83760823,8.60,-134.0,lane 15/22
1780698485039,2026-06-05T15:28:05.039,34.04782206,-117.83761274,8.60,-132.5,lane 15/22
1780698485289,2026-06-05T15:28:05.289,34.04781936,-117.83761871,8.70,-128.2,lane 15/22
1780698485588,2026-06-05T15:28:05.588,34.04781691,-117.83762485,8.60,-123.6,lane 15/22
1780698485838,2026-06-05T15:28:05.838,34.04781554,-117.83762844,8.60,-120.9,lane 15/22
1780698486088,2026-06-05T15:28:06.088,34.04781416,-117.83763320,8.60,-119.9,lane 15/22
1780698486339,2026-06-05T15:28:06.339,34.04781311,-117.83763614,8.60,-119.0,lane 16/22
1780698486638,2026-06-05T15:28:06.638,34.04781264,-117.83763944,8.60,-114.0,lane 16/22
1780698486889,2026-06-05T15:28:06.889,34.04781562,-117.83764086,8.60,-109.0,lane 16/22
1780698487188,2026-06-05T15:28:07.188,34.04782158,-117.83764157,8.60,-98.7,lane 16/22
1780698487439,2026-06-05T15:28:07.439,34.04782746,-117.83764179,8.60,-90.1,lane 16/22
1780698487689,2026-06-05T15:28:07.689,34.04783811,-117.83764213,8.60,-76.6,lane 16/22
1780698487939,2026-06-05T15:28:07.939,34.04784693,-117.83764226,8.50,-68.5,lane 16/22
1780698488189,2026-06-05T15:28:08.189,34.04786250,-117.83764196,8.50,-54.3,lane 16/22
1780698488439,2026-06-05T15:28:08.439,34.04787334,-117.83764193,8.50,-45.4,lane 16/22
1780698488689,2026-06-05T15:28:08.689,34.04788995,-117.83764235,8.60,-31.8,lane 16/22
1780698488988,2026-06-05T15:28:08.988,34.04790692,-117.83764230,8.60,-19.0,lane 16/22
1780698489239,2026-06-05T15:28:09.239,34.04791821,-117.83764221,8.60,-10.2,lane 16/22
1780698489538,2026-06-05T15:28:09.538,34.04793510,-117.83764184,8.60,0.0,lane 16/22
1780698489788,2026-06-05T15:28:09.788,34.04795219,-117.83764149,8.60,3.3,lane 16/22
1780698490039,2026-06-05T15:28:10.039,34.04796336,-117.83764099,8.60,3.3,lane 16/22
1780698490338,2026-06-05T15:28:10.338,34.04797990,-117.83764045,8.60,3.3,lane 16/22
1780698490588,2026-06-05T15:28:10.588,34.04799609,-117.83764020,8.60,3.3,lane 16/22
1780698490839,2026-06-05T15:28:10.839,34.04800690,-117.83764004,8.60,3.3,lane 16/22
1780698491139,2026-06-05T15:28:11.139,34.04802326,-117.83763970,8.60,3.3,lane 16/22
1780698491439,2026-06-05T15:28:11.439,34.04803955,-117.83763937,8.60,3.3,lane 16/22
1780698491689,2026-06-05T15:28:11.689,34.04805578,-117.83763892,8.60,3.2,lane 16/22
1780698491988,2026-06-05T15:28:11.988,34.04807188,-117.83763866,8.60,3.2,lane 16/22
1780698492238,2026-06-05T15:28:12.238,34.04808276,-117.83763835,8.60,5.2,lane 16/22
1780698492488,2026-06-05T15:28:12.488,34.04809917,-117.83763791,8.60,5.5,lane 16/22
1780698492739,2026-06-05T15:28:12.739,34.04810955,-117.83763749,8.60,5.5,lane 16/22
1780698492989,2026-06-05T15:28:12.989,34.04812570,-117.83763668,8.60,5.5,lane 16/22
1780698493288,2026-06-05T15:28:13.288,34.04814186,-117.83763598,8.60,5.4,lane 16/22
1780698493538,2026-06-05T15:28:13.538,34.04815249,-117.83763539,8.60,6.6,lane 16/22
1780698493789,2026-06-05T15:28:13.789,34.04816867,-117.83763438,8.60,7.6,lane 16/22
1780698494089,2026-06-05T15:28:14.089,34.04818513,-117.83763344,8.60,7.4,lane 16/22
1780698494388,2026-06-05T15:28:14.388,34.04820126,-117.83763181,8.60,8.9,lane 16/22
1780698494638,2026-06-05T15:28:14.638,34.04821188,-117.83763068,8.60,8.8,lane 16/22
1780698494889,2026-06-05T15:28:14.889,34.04822758,-117.83762877,8.50,10.7,lane 16/22
1780698495188,2026-06-05T15:28:15.188,34.04824398,-117.83762655,8.60,10.7,lane 16/22
1780698495439,2026-06-05T15:28:15.439,34.04825402,-117.83762515,8.60,12.9,lane 16/22
1780698495739,2026-06-05T15:28:15.739,34.04826990,-117.83762245,8.60,14.2,lane 16/22
1780698495989,2026-06-05T15:28:15.989,34.04828566,-117.83761923,8.60,15.4,lane 16/22
1780698496288,2026-06-05T15:28:16.288,34.04830122,-117.83761554,8.60,19.2,lane 16/22
1780698496538,2026-06-05T15:28:16.538,34.04831078,-117.83761331,8.60,19.9,lane 16/22
1780698496790,2026-06-05T15:28:16.790,34.04832393,-117.83761042,8.60,20.6,lane 16/22
1780698497089,2026-06-05T15:28:17.089,34.04833657,-117.83760555,8.60,25.3,lane 16/22
1780698497339,2026-06-05T15:28:17.339,34.04834435,-117.83760127,8.60,30.5,lane 17/22
1780698497590,2026-06-05T15:28:17.590,34.04835492,-117.83759720,8.60,25.9,lane 17/22
1780698497888,2026-06-05T15:28:17.888,34.04836391,-117.83759486,8.60,18.7,lane 17/22
1780698498139,2026-06-05T15:28:18.139,34.04836847,-117.83759452,8.60,13.0,lane 17/22
1780698498439,2026-06-05T15:28:18.439,34.04837347,-117.83759553,8.60,1.4,lane 17/22
1780698498738,2026-06-05T15:28:18.738,34.04837543,-117.83759731,8.60,-11.6,lane 17/22
1780698498988,2026-06-05T15:28:18.988,34.04837592,-117.83760074,8.60,-22.4,lane 17/22
1780698499239,2026-06-05T15:28:19.239,34.04837527,-117.83760323,8.60,-28.8,lane 17/22
1780698499539,2026-06-05T15:28:19.539,34.04837309,-117.83760694,8.70,-35.9,lane 17/22
1780698499789,2026-06-05T15:28:19.789,34.04837128,-117.83761054,8.70,-39.9,lane 17/22
1780698500088,2026-06-05T15:28:20.088,34.04836976,-117.83761343,8.70,-45.3,lane 18/22
1780698500338,2026-06-05T15:28:20.338,34.04836814,-117.83761510,8.70,-49.4,lane 18/22
1780698500588,2026-06-05T15:28:20.588,34.04836418,-117.83761682,8.60,-56.4,lane 18/22
1780698500839,2026-06-05T15:28:20.839,34.04836060,-117.83761793,8.60,-62.8,lane 18/22
1780698501138,2026-06-05T15:28:21.138,34.04835351,-117.83761867,8.60,-74.9,lane 18/22
1780698501388,2026-06-05T15:28:21.388,34.04834385,-117.83761882,8.70,-86.6,lane 18/22
1780698501639,2026-06-05T15:28:21.639,34.04833671,-117.83761832,8.60,-93.6,lane 18/22
1780698501938,2026-06-05T15:28:21.938,34.04832453,-117.83761721,8.60,-105.2,lane 18/22
1780698502189,2026-06-05T15:28:22.189,34.04831089,-117.83761685,8.60,-118.2,lane 18/22
1780698502489,2026-06-05T15:28:22.489,34.04829634,-117.83761588,8.60,-131.3,lane 18/22
1780698502789,2026-06-05T15:28:22.789,34.04828176,-117.83761521,8.60,-145.5,lane 18/22
1780698503089,2026-06-05T15:28:23.089,34.04826674,-117.83761487,8.60,-159.6,lane 18/22
1780698503338,2026-06-05T15:28:23.338,34.04825676,-117.83761513,8.60,-165.4,lane 18/22
1780698503588,2026-06-05T15:28:23.588,34.04824183,-117.83761557,8.60,-167.4,lane 18/22
1780698503839,2026-06-05T15:28:23.839,34.04823159,-117.83761603,8.60,-167.4,lane 18/22
1780698504138,2026-06-05T15:28:24.138,34.04821633,-117.83761753,8.60,-167.5,lane 18/22
1780698504389,2026-06-05T15:28:24.389,34.04820046,-117.83761859,8.70,-167.3,lane 18/22
1780698504689,2026-06-05T15:28:24.689,34.04818563,-117.83762055,8.70,-167.3,lane 18/22
1780698504989,2026-06-05T15:28:24.989,34.04817057,-117.83762230,8.70,-167.0,lane 18/22
1780698505289,2026-06-05T15:28:25.289,34.04815523,-117.83762460,8.60,-167.2,lane 18/22
1780698505589,2026-06-05T15:28:25.589,34.04813943,-117.83762694,8.70,-167.0,lane 18/22
1780698505888,2026-06-05T15:28:25.888,34.04812415,-117.83762924,8.70,-167.2,lane 18/22
1780698506139,2026-06-05T15:28:26.139,34.04811358,-117.83763078,8.70,-167.2,lane 18/22
1780698506438,2026-06-05T15:28:26.438,34.04809772,-117.83763283,8.70,-167.2,lane 18/22
1780698506689,2026-06-05T15:28:26.689,34.04808190,-117.83763530,8.70,-167.3,lane 18/22
1780698506989,2026-06-05T15:28:26.989,34.04806575,-117.83763761,8.70,-167.1,lane 18/22
1780698507239,2026-06-05T15:28:27.239,34.04805512,-117.83763892,8.60,-167.2,lane 18/22
1780698507489,2026-06-05T15:28:27.489,34.04803928,-117.83764158,8.60,-166.9,lane 18/22
1780698507788,2026-06-05T15:28:27.788,34.04802356,-117.83764422,8.60,-167.1,lane 18/22
1780698508038,2026-06-05T15:28:28.038,34.04801290,-117.83764626,8.60,-167.3,lane 18/22
1780698508289,2026-06-05T15:28:28.289,34.04799697,-117.83764883,8.60,-167.5,lane 18/22
1780698508588,2026-06-05T15:28:28.588,34.04798094,-117.83765160,8.60,-167.4,lane 18/22
1780698508838,2026-06-05T15:28:28.838,34.04797032,-117.83765365,8.60,-167.4,lane 18/22
1780698509088,2026-06-05T15:28:29.088,34.04795490,-117.83765695,8.70,-167.0,lane 18/22
1780698509338,2026-06-05T15:28:29.338,34.04794458,-117.83765934,8.70,-165.4,lane 18/22
1780698509588,2026-06-05T15:28:29.588,34.04792887,-117.83766324,8.70,-165.2,lane 18/22
1780698509839,2026-06-05T15:28:29.839,34.04791831,-117.83766611,8.70,-165.1,lane 18/22
1780698510089,2026-06-05T15:28:30.089,34.04790273,-117.83767028,8.60,-162.6,lane 18/22
1780698510389,2026-06-05T15:28:30.389,34.04788722,-117.83767479,8.60,-162.5,lane 18/22
1780698510688,2026-06-05T15:28:30.688,34.04787189,-117.83767944,8.60,-160.5,lane 18/22
1780698510939,2026-06-05T15:28:30.939,34.04786217,-117.83768264,8.60,-159.2,lane 18/22
1780698511189,2026-06-05T15:28:31.189,34.04784773,-117.83768784,8.70,-158.8,lane 18/22
1780698511489,2026-06-05T15:28:31.489,34.04783581,-117.83769191,8.70,-158.7,lane 18/22
1780698511789,2026-06-05T15:28:31.789,34.04782688,-117.83769540,8.70,-158.1,lane 18/22
1780698512089,2026-06-05T15:28:32.089,34.04782121,-117.83769910,8.70,-157.9,lane 18/22
1780698512388,2026-06-05T15:28:32.388,34.04781832,-117.83770148,8.60,-156.0,lane 18/22
1780698512638,2026-06-05T15:28:32.638,34.04781719,-117.83770343,8.60,-156.2,lane 19/22
1780698512888,2026-06-05T15:28:32.888,34.04781643,-117.83770797,8.60,-154.3,lane 19/22
1780698513138,2026-06-05T15:28:33.138,34.04781555,-117.83771233,8.60,-149.7,lane 19/22
1780698513388,2026-06-05T15:28:33.388,34.04781318,-117.83771982,8.60,-144.5,lane 19/22
1780698513638,2026-06-05T15:28:33.638,34.04781100,-117.83772462,8.70,-140.8,lane 19/22
1780698513888,2026-06-05T15:28:33.888,34.04780793,-117.83773033,8.70,-138.5,lane 19/22
1780698514139,2026-06-05T15:28:34.139,34.04780619,-117.83773420,8.70,-136.3,lane 19/22
1780698514389,2026-06-05T15:28:34.389,34.04780416,-117.83773956,8.70,-133.6,lane 19/22
1780698514689,2026-06-05T15:28:34.689,34.04780246,-117.83774428,8.70,-131.5,lane 19/22
1780698514988,2026-06-05T15:28:34.988,34.04780108,-117.83774893,8.70,-130.5,lane 19/22
1780698515239,2026-06-05T15:28:35.239,34.04780026,-117.83775082,8.70,-128.1,lane 20/22
1780698515538,2026-06-05T15:28:35.538,34.04779946,-117.83775376,8.60,-121.6,lane 20/22
1780698515789,2026-06-05T15:28:35.789,34.04780104,-117.83775576,8.60,-117.0,lane 20/22
1780698516039,2026-06-05T15:28:36.039,34.04780361,-117.83775665,8.60,-114.4,lane 20/22
1780698516338,2026-06-05T15:28:36.338,34.04780900,-117.83775809,8.50,-103.8,lane 20/22
1780698516589,2026-06-05T15:28:36.589,34.04781670,-117.83775864,8.50,-88.9,lane 20/22
1780698516889,2026-06-05T15:28:36.889,34.04782724,-117.83775973,8.60,-75.0,lane 20/22
1780698517188,2026-06-05T15:28:37.188,34.04783973,-117.83775990,8.60,-61.8,lane 20/22
1780698517438,2026-06-05T15:28:37.438,34.04784925,-117.83776061,8.60,-51.3,lane 20/22
1780698517689,2026-06-05T15:28:37.689,34.04786483,-117.83776145,8.60,-36.7,lane 20/22
1780698517989,2026-06-05T15:28:37.989,34.04788097,-117.83776168,8.60,-23.3,lane 20/22
1780698518288,2026-06-05T15:28:38.288,34.04789812,-117.83776252,8.60,-9.6,lane 20/22
1780698518538,2026-06-05T15:28:38.538,34.04790923,-117.83776260,8.60,-0.2,lane 20/22
1780698518788,2026-06-05T15:28:38.788,34.04792596,-117.83776286,8.60,7.9,lane 20/22
1780698519038,2026-06-05T15:28:39.038,34.04793683,-117.83776296,8.60,7.6,lane 20/22
1780698519289,2026-06-05T15:28:39.289,34.04795326,-117.83776252,8.60,8.2,lane 20/22
1780698519539,2026-06-05T15:28:39.539,34.04796403,-117.83776206,8.60,8.1,lane 20/22
1780698519789,2026-06-05T15:28:39.789,34.04798036,-117.83776165,8.60,8.4,lane 20/22
1780698520088,2026-06-05T15:28:40.088,34.04799642,-117.83776077,8.60,8.4,lane 20/22
1780698520338,2026-06-05T15:28:40.338,34.04800720,-117.83776042,8.60,8.2,lane 20/22
1780698520589,2026-06-05T15:28:40.589,34.04802335,-117.83775978,8.60,8.4,lane 20/22
1780698520888,2026-06-05T15:28:40.888,34.04803932,-117.83775885,8.60,8.3,lane 20/22
1780698521139,2026-06-05T15:28:41.139,34.04805047,-117.83775828,8.60,8.3,lane 20/22
1780698521439,2026-06-05T15:28:41.439,34.04806602,-117.83775741,8.60,8.2,lane 20/22
1780698521739,2026-06-05T15:28:41.739,34.04807675,-117.83775655,8.60,8.1,lane 20/22
1780698522038,2026-06-05T15:28:42.038,34.04809664,-117.83775516,8.60,4.1,lane 20/22
1780698522289,2026-06-05T15:28:42.289,34.04810451,-117.83775536,8.60,11.3,lane 20/22
1780698522588,2026-06-05T15:28:42.588,34.04810828,-117.83775582,8.60,13.0,lane 20/22
1780698522838,2026-06-05T15:28:42.838,34.04810972,-117.83775499,8.60,13.8,lane 20/22
1780698523088,2026-06-05T15:28:43.088,34.04811038,-117.83775278,8.60,15.3,lane 20/22
1780698523340,2026-06-05T15:28:43.340,34.04811041,-117.83775187,8.60,16.4,lane 20/22
1780698523638,2026-06-05T15:28:43.638,34.04811096,-117.83775112,8.70,16.9,lane 20/22
1780698523888,2026-06-05T15:28:43.888,34.04811346,-117.83774954,8.70,16.6,lane 20/22
1780698524138,2026-06-05T15:28:44.138,34.04811662,-117.83774867,8.70,16.5,lane 20/22
1780698524389,2026-06-05T15:28:44.389,34.04812339,-117.83774716,8.70,16.4,lane 20/22
1780698524639,2026-06-05T15:28:44.639,34.04812954,-117.83774644,8.70,16.3,lane 20/22
1780698524938,2026-06-05T15:28:44.938,34.04814083,-117.83774625,8.60,16.2,lane 20/22
1780698525189,2026-06-05T15:28:45.189,34.04815425,-117.83774445,8.60,15.9,lane 20/22
1780698525439,2026-06-05T15:28:45.439,34.04816426,-117.83774358,8.70,15.9,lane 20/22
1780698525689,2026-06-05T15:28:45.689,34.04818052,-117.83774298,8.70,16.1,lane 20/22
1780698525988,2026-06-05T15:28:45.988,34.04819693,-117.83774087,8.60,16.4,lane 20/22
1780698526239,2026-06-05T15:28:46.239,34.04820810,-117.83773971,8.60,16.5,lane 20/22
1780698526538,2026-06-05T15:28:46.538,34.04822530,-117.83773722,8.60,16.4,lane 20/22
1780698526789,2026-06-05T15:28:46.789,34.04823667,-117.83773514,8.60,16.2,lane 20/22
1780698527088,2026-06-05T15:28:47.088,34.04825939,-117.83773011,8.60,16.4,lane 20/22
1780698527339,2026-06-05T15:28:47.339,34.04827074,-117.83772721,8.60,16.3,lane 20/22
1780698527639,2026-06-05T15:28:47.639,34.04828771,-117.83772276,8.60,19.0,lane 20/22
1780698527889,2026-06-05T15:28:47.889,34.04830473,-117.83771723,8.60,20.8,lane 20/22
1780698528189,2026-06-05T15:28:48.189,34.04832100,-117.83771182,8.60,21.1,lane 20/22
1780698528439,2026-06-05T15:28:48.439,34.04833126,-117.83770823,8.70,21.9,lane 20/22
1780698528738,2026-06-05T15:28:48.738,34.04834532,-117.83770246,8.70,22.9,lane 20/22
1780698528989,2026-06-05T15:28:48.989,34.04835818,-117.83769680,8.70,25.7,lane 21/22
1780698529288,2026-06-05T15:28:49.288,34.04836880,-117.83769129,8.60,22.2,lane 21/22
1780698529539,2026-06-05T15:28:49.539,34.04837499,-117.83768885,8.60,18.4,lane 21/22
1780698529789,2026-06-05T15:28:49.789,34.04838247,-117.83768730,8.60,10.6,lane 21/22
1780698530039,2026-06-05T15:28:50.039,34.04838639,-117.83768678,8.60,3.5,lane 21/22
1780698530339,2026-06-05T15:28:50.339,34.04838997,-117.83768689,8.60,-8.8,lane 21/22
1780698530589,2026-06-05T15:28:50.589,34.04839210,-117.83768879,8.60,-22.0,lane 21/22
1780698530889,2026-06-05T15:28:50.889,34.04839203,-117.83769134,8.60,-34.6,lane 21/22
1780698531140,2026-06-05T15:28:51.140,34.04839141,-117.83769381,8.60,-42.1,lane 21/22
1780698531438,2026-06-05T15:28:51.438,34.04839010,-117.83769758,8.60,-50.3,lane 21/22
1780698531688,2026-06-05T15:28:51.688,34.04838827,-117.83770080,8.60,-55.4,lane 21/22
1780698531938,2026-06-05T15:28:51.938,34.04838711,-117.83770325,8.60,-58.1,lane 22/22
1780698532189,2026-06-05T15:28:52.189,34.04838543,-117.83770679,8.70,-62.9,lane 22/22
1780698532488,2026-06-05T15:28:52.488,34.04838307,-117.83771050,8.60,-69.6,lane 22/22
1780698532738,2026-06-05T15:28:52.738,34.04838082,-117.83771258,8.60,-74.8,lane 22/22
1780698532989,2026-06-05T15:28:52.989,34.04837575,-117.83771470,8.60,-85.0,lane 22/22
1780698533289,2026-06-05T15:28:53.289,34.04836965,-117.83771631,8.60,-97.3,lane 22/22
1780698533588,2026-06-05T15:28:53.588,34.04836169,-117.83771730,8.60,-109.4,lane 22/22
1780698533839,2026-06-05T15:28:53.839,34.04835580,-117.83771767,8.60,-117.5,lane 22/22
1780698534139,2026-06-05T15:28:54.139,34.04834520,-117.83771764,8.60,-130.0,lane 22/22
1780698534389,2026-06-05T15:28:54.389,34.04833358,-117.83771738,8.60,-143.9,lane 22/22
1780698534639,2026-06-05T15:28:54.639,34.04832497,-117.83771721,8.60,-153.6,lane 22/22
1780698534889,2026-06-05T15:28:54.889,34.04831113,-117.83771665,8.60,-164.5,lane 22/22
1780698535139,2026-06-05T15:28:55.139,34.04830145,-117.83771665,8.60,-167.2,lane 22/22
1780698535389,2026-06-05T15:28:55.389,34.04828625,-117.83771709,8.60,-167.7,lane 22/22
1780698535639,2026-06-05T15:28:55.639,34.04827603,-117.83771726,8.70,-167.5,lane 22/22
1780698535938,2026-06-05T15:28:55.938,34.04825981,-117.83771825,8.70,-167.5,lane 22/22
1780698536190,2026-06-05T15:28:56.190,34.04824380,-117.83771942,8.70,-167.3,lane 22/22
1780698536488,2026-06-05T15:28:56.488,34.04822754,-117.83772103,8.70,-167.5,lane 22/22
1780698536738,2026-06-05T15:28:56.738,34.04821631,-117.83772216,8.60,-167.3,lane 22/22
1780698536989,2026-06-05T15:28:56.989,34.04820050,-117.83772368,8.60,-167.4,lane 22/22
1780698537289,2026-06-05T15:28:57.289,34.04818424,-117.83772538,8.60,-167.6,lane 22/22
1780698537539,2026-06-05T15:28:57.539,34.04817349,-117.83772643,8.60,-167.9,lane 22/22
1780698537838,2026-06-05T15:28:57.838,34.04815732,-117.83772777,8.60,-167.4,lane 22/22
1780698538089,2026-06-05T15:28:58.089,34.04814155,-117.83772963,8.60,-167.7,lane 22/22
1780698538338,2026-06-05T15:28:58.338,34.04813106,-117.83773078,8.60,-167.8,lane 22/22
1780698538589,2026-06-05T15:28:58.589,34.04811558,-117.83773252,8.60,-167.7,lane 22/22
1780698538889,2026-06-05T15:28:58.889,34.04810043,-117.83773453,8.60,-168.0,lane 22/22
1780698539189,2026-06-05T15:28:59.189,34.04808488,-117.83773637,8.60,-167.9,lane 22/22
1780698539488,2026-06-05T15:28:59.488,34.04807484,-117.83773806,8.60,-167.9,lane 22/22
1780698539739,2026-06-05T15:28:59.739,34.04805956,-117.83774012,8.60,-168.2,lane 22/22
1780698539989,2026-06-05T15:28:59.989,34.04804410,-117.83774244,8.60,-168.1,lane 22/22
1780698540288,2026-06-05T15:29:00.288,34.04802869,-117.83774484,8.60,-168.1,lane 22/22
1780698540538,2026-06-05T15:29:00.538,34.04801815,-117.83774649,8.60,-168.0,lane 22/22
1780698540788,2026-06-05T15:29:00.788,34.04800255,-117.83774921,8.60,-166.5,lane 22/22
1780698541038,2026-06-05T15:29:01.038,34.04799207,-117.83775099,8.60,-165.8,lane 22/22
1780698541289,2026-06-05T15:29:01.289,34.04797679,-117.83775350,8.60,-166.1,lane 22/22
1780698541539,2026-06-05T15:29:01.539,34.04796710,-117.83775527,8.60,-164.8,lane 22/22
1780698541839,2026-06-05T15:29:01.839,34.04795222,-117.83775851,8.60,-164.6,lane 22/22
1780698542138,2026-06-05T15:29:02.138,34.04793730,-117.83776186,8.60,-164.1,lane 22/22
1780698542389,2026-06-05T15:29:02.389,34.04792210,-117.83776563,8.60,-162.1,lane 22/22
1780698542639,2026-06-05T15:29:02.639,34.04791198,-117.83776835,8.60,-162.3,lane 22/22
1780698542939,2026-06-05T15:29:02.939,34.04789673,-117.83777243,8.60,-160.2,lane 22/22
1780698543238,2026-06-05T15:29:03.238,34.04788156,-117.83777692,8.60,-159.7,lane 22/22
1780698543488,2026-06-05T15:29:03.488,34.04786609,-117.83778204,8.70,-157.5,lane 22/22
1780698543738,2026-06-05T15:29:03.738,34.04785599,-117.83778577,8.70,-156.1,lane 22/22
1780698543988,2026-06-05T15:29:03.988,34.04784066,-117.83779197,8.60,-154.3,lane 22/22
1780698544238,2026-06-05T15:29:04.238,34.04783060,-117.83779636,8.70,-151.0,lane 22/22
1780698544488,2026-06-05T15:29:04.488,34.04781714,-117.83780221,8.80,-151.6,lane 22/22
1780698544739,2026-06-05T15:29:04.739,34.04781000,-117.83780538,8.80,-151.2,lane 22/22
1780698545038,2026-06-05T15:29:05.038,34.04780125,-117.83780917,8.80,-149.3,lane 22/22
